Ref,Val,Package,MidX,MidY,Rotation,Side
"C1","100n","C_0402_1005Metric",108.600000,-146.100000,90.000000,top
"C2","15pF","C_0402_1005Metric",108.345000,-160.900000,0.000000,top
"C3","15pF","C_0402_1005Metric",112.970000,-163.600000,90.000000,top
"C4","100n","C_0402_1005Metric",111.800000,-160.500000,-90.000000,top
"C5","100n","C_0402_1005Metric",109.700000,-150.600000,180.000000,top
"C6","1uF","C_0402_1005Metric",113.800000,-149.600000,0.000000,top
"C7","1uF","C_0402_1005Metric",113.800000,-150.600000,0.000000,top
"C8","1uF","C_0402_1005Metric",106.300000,-151.900000,90.000000,top
"C9","1uF","C_0402_1005Metric",110.800000,-160.500000,-90.000000,top
"C10","100n","C_0402_1005Metric",106.270000,-155.825000,90.000000,top
"C11","100n","C_0402_1005Metric",115.500000,-151.920000,90.000000,top
"C12","100n","C_0402_1005Metric",115.500000,-155.700000,90.000000,top
"C13","100n","C_0402_1005Metric",109.700000,-149.600000,180.000000,top
"C14","100n","C_0402_1005Metric",99.500000,-157.770000,0.000000,top
"C15","100n","C_0402_1005Metric",94.800000,-160.600000,0.000000,top
"C16","100n","C_0402_1005Metric",94.800000,-161.600000,0.000000,top
"C17","10u","C_0603_1608Metric",97.800000,-156.770000,90.000000,top
"C18","100n","C_0402_1005Metric",95.780000,-163.490000,180.000000,top
"C19","100n","C_0402_1005Metric",110.220000,-164.975000,180.000000,top
"C21","100n","C_0402_1005Metric",95.780000,-154.910000,180.000000,top
"C22","100n","C_0402_1005Metric",102.900000,-155.775000,0.000000,top
"C23","100n","C_0402_1005Metric",94.800000,-152.000000,0.000000,top
"C24","100n","C_0402_1005Metric",94.800000,-153.000000,0.000000,top
"C25","10u","C_0603_1608Metric",101.200000,-156.775000,-90.000000,top
"C26","10u","C_0805_2012Metric",106.620000,-167.175000,90.000000,top
"C27","22u","C_0805_2012Metric",107.345000,-164.425000,0.000000,top
"C28","22u","C_0805_2012Metric",107.345000,-162.400000,0.000000,top
"D1","BZT52-C4V3S","D_SOD-323 Panjit",117.095000,-154.675000,90.000000,top
"D2","Blue","LED_0603_1608Metric",115.270000,-161.400000,-90.000000,top
"D3","BZT52-C4V3S","D_SOD-323 Panjit",117.095000,-151.345000,90.000000,top
"D4","SS14","D_SOD-123FL",98.495000,-165.375000,180.000000,top
"D5","SS14","D_SOD-123FL",98.495000,-167.730000,180.000000,top
"D7","Blue","LED_0603_1608Metric",117.500000,-140.600000,-90.000000,top
"H1","M2_SMTSO2010CTJ","M2 solder nut",82.000000,-154.000000,0.000000,top
"J1","USB_B_Micro","USB_Micro-B_Molex-105017-0001",112.295000,-141.712500,180.000000,top
"J4","USB_C_Plug","USB_C_VirtualLink_Plug",90.000000,-165.500000,0.000000,top
"J8","USB_C_Receptacle","USB_C_Straddle_Socket",90.000000,-144.750000,180.000000,top
"L1","15u","L_Sunlord_SWPA4018S",103.320000,-166.575000,90.000000,top
"R1","10K","R_0402_1005Metric",102.320000,-148.047487,-90.000000,top
"R2","1K","R_0402_1005Metric",102.319999,-146.147488,-90.000000,top
"R3","27R","R_0603_1608Metric",111.900000,-147.100000,-90.000000,top
"R4","27R","R_0603_1608Metric",113.400000,-147.100000,-90.000000,top
"R5","1K","R_0402_1005Metric",109.795000,-160.500000,90.000000,top
"R6","510R","R_0402_1005Metric",116.570000,-161.900000,90.000000,top
"R7","10K","R_0402_1005Metric",115.895000,-157.600000,-90.000000,top
"R8","10K","R_0402_1005Metric",116.915000,-157.600000,-90.000000,top
"R9","10K","R_0402_1005Metric",117.045000,-159.425001,0.000000,top
"R10","1K","R_0402_1005Metric",117.045000,-160.425000,180.000000,top
"R11","1M","R_0402_1005Metric",94.400000,-159.200000,90.000000,top
"R12","1M","R_0402_1005Metric",94.400000,-163.000000,90.000000,top
"R13","51R","R_0402_1005Metric",96.200000,-160.100000,90.000000,top
"R14","51R","R_0402_1005Metric",96.200000,-162.100000,90.000000,top
"R15","3K3","R_0402_1005Metric",99.500000,-155.770000,180.000000,top
"R16","1K5","R_0402_1005Metric",99.500000,-156.770000,0.000000,top
"R17","10K","R_0402_1005Metric",117.915000,-157.600000,-90.000000,top
"R18","10K","R_0402_1005Metric",104.600000,-154.262500,-90.000000,top
"R19","510R","R_0402_1005Metric",117.520000,-144.150000,90.000000,top
"R20","51R","R_0402_1005Metric",96.200000,-151.500000,90.000000,top
"R21","51R","R_0402_1005Metric",96.200000,-153.500000,90.000000,top
"R22","100K","R_0402_1005Metric",94.400000,-150.600000,90.000000,top
"R23","100K","R_0402_1005Metric",94.400000,-154.400000,90.000000,top
"R24","3K3","R_0402_1005Metric",102.900000,-157.775000,180.000000,top
"R25","1K5","R_0402_1005Metric",102.900000,-156.775000,0.000000,top
"R26","100K","R_0402_1005Metric",112.320000,-166.025000,-90.000000,top
"R27","22K","R_0402_1005Metric",112.320000,-167.950000,-90.000000,top
"R28","10K","R_0402_1005Metric",98.145000,-149.250000,0.000000,top
"SW1","BOOT","C&K KMR223GLFG",105.070000,-140.650000,0.000000,top
"U1","
W25Q64JVX","WSON-8-1EP_4x4mm_P0.8mm_EP2.6x3mm",105.500000,-147.400000,0.000000,top
"U2","RP2040","QFN-56-1EP_7x7mm_P0.4mm_EP3.2x3.2mm",110.900000,-155.200000,0.000000,top
"U3","SN65MLVD200A","SOIC-8_3.9x4.9mm_P1.27mm",100.400000,-161.100000,90.000000,top
"U5","SN65MLVD200A","SOIC-8_3.9x4.9mm_P1.27mm",100.400000,-152.500000,90.000000,top
"U6","TPS54202DDC","SOT-23-6",109.720000,-167.175000,-90.000000,top
"Y1","12MHz 12pF","Crystal_SMD_2520-4Pin_2.5x2.0mm",110.770000,-163.000000,180.000000,top
